country_code,country_name,coefficient,std_error,p_value
DEU,Germany,0.06915025658385604,0.15390014761576307,0.6539555648814559
ESP,Spain,-0.14197116297324394,0.1764019614841368,0.4222080771046717
FRA,France,0.08943191850839564,0.05957851178667025,0.13528226004493576
ITA,Italy,0.06724091271844633,0.07701865076330433,0.3839296204527527
NLD,Netherlands,0.13560041280209378,0.11344262120914968,0.2337191105154216
